{"cameraMode":{"drawMode":0,"name":"Shaded","section":"Shading Mode"},"sceneLighting":true,"audioPlay":false,"sceneViewState":{"showFog":true,"showMaterialUpdate":false,"showSkybox":true,"showFlares":true,"showImageEffects":true,"showParticleSystems":true},"in2DMode":false,"pivot":{"x":-4.83807373046875,"y":-0.787567138671875,"z":183.837158203125},"rotation":{"x":0.12515269219875337,"y":-0.2096550613641739,"z":0.02706812508404255,"w":0.9693629145622253},"size":11.541069984436036,"orthographic":true}